Namibia,Omaruru District
Namibia,Swakopmund District
Namibia,Usakos District
Namibia,Walvis Bay District
Namibia,Aranos District
Namibia,Mariental District
Namibia,Rehoboth District
Namibia,Karasburg District
Namibia,Keetmanshoop District
Namibia,Luderitz District
Namibia,Andara District
Namibia,Nankudu District
Namibia,Nyangana District
Namibia,Rundu District
Namibia,Windhoek District
Namibia,Khorixas District
Namibia,Opuwo District
Namibia,Outjo District
Namibia,Eenhana District
Namibia,Engela District
Namibia,Okongo District
Namibia,Gobabis District
Namibia,Okahao District
Namibia,Oshikuku District
Namibia,Outapi District
Namibia,Tsandi District
Namibia,Oshakati District
Namibia,Omuthiya District
Namibia,Onandjokwe District
Namibia,Tsumeb District
Namibia,Grootfontein District
Namibia,Okahandja District
Namibia,Okakarara District
Namibia,Otjiwarongo District
Namibia,Katima Mulilo District
Angola,Angola District
Botswana,Botswana District
South Africa,South Africa District
Zambia,Zambia District
Zimbabwe,Zimbabwe District
